{"cameraMode":{"drawMode":0,"name":"Shaded","section":"Shading Mode"},"sceneLighting":true,"audioPlay":false,"sceneViewState":{"m_AlwaysRefresh":false,"showFog":true,"showSkybox":true,"showFlares":true,"showImageEffects":true,"showParticleSystems":true,"showVisualEffectGraphs":true,"m_FxEnabled":true},"in2DMode":false,"pivot":{"x":46.35894775390625,"y":8.012261390686036,"z":7.160923957824707},"rotation":{"x":-0.030947139486670495,"y":0.6415320038795471,"z":-0.025662442669272424,"w":-0.7665044665336609},"size":0.8660253882408142,"orthographic":false}