{"cameraMode":{"drawMode":0,"name":"Shaded","section":"Shading Mode"},"sceneLighting":true,"audioPlay":false,"sceneViewState":{"m_AlwaysRefresh":false,"showFog":true,"showSkybox":true,"showFlares":true,"showImageEffects":true,"showParticleSystems":true,"showVisualEffectGraphs":true,"m_FxEnabled":true},"in2DMode":false,"pivot":{"x":-1.081235408782959,"y":1.4878239631652833,"z":1.9586553573608399},"rotation":{"x":-0.057800646871328357,"y":0.8865140676498413,"z":-0.11527255922555924,"w":-0.4444211423397064},"size":4.688755989074707,"orthographic":false}